"s1","r1","time","type"
13,13,0,"is.ICR"
14,14,0,"is.ICR"
32,32,0,"is.ICR"
1,1,0,"add.actor"
2,2,0,"add.actor"
3,3,0,"add.actor"
4,4,0,"add.actor"
5,5,0,"add.actor"
6,6,0,"add.actor"
7,7,0,"add.actor"
8,8,0,"add.actor"
9,9,0,"add.actor"
10,10,0,"add.actor"
11,11,0,"add.actor"
12,12,0,"add.actor"
13,13,0,"add.actor"
14,14,0,"add.actor"
15,15,0,"add.actor"
16,16,0,"add.actor"
17,17,0,"add.actor"
18,18,0,"add.actor"
19,19,0,"add.actor"
20,20,0,"add.actor"
21,21,0,"add.actor"
22,22,0,"add.actor"
23,23,0,"add.actor"
24,24,0,"add.actor"
25,25,0,"add.actor"
26,26,0,"add.actor"
27,27,0,"add.actor"
28,28,0,"add.actor"
29,29,0,"add.actor"
30,30,0,"add.actor"
31,31,0,"add.actor"
32,32,0,"add.actor"
33,33,0,"add.actor"
34,34,0,"add.actor"
35,35,0,"add.actor"
36,36,0,"add.actor"
37,37,0,"add.actor"
16,32,1,"call"
32,16,2,"call"
16,32,3,"call"
16,32,4,"call"
11,32,5,"call"
11,32,6,"call"
11,32,7,"call"
36,32,8,"call"
8,32,9,"call"
8,32,10,"call"
32,8,11,"call"
16,32,12,"call"
8,32,13,"call"
26,32,14,"call"
32,26,15,"call"
26,32,16,"call"
32,26,17,"call"
26,32,18,"call"
32,26,19,"call"
16,32,20,"call"
16,32,21,"call"
27,32,22,"call"
20,32,23,"call"
32,20,24,"call"
20,32,25,"call"
32,20,26,"call"
32,16,27,"call"
16,32,28,"call"
32,16,29,"call"
32,16,30,"call"
16,32,31,"call"
32,22,32,"call"
3,32,33,"call"
32,3,34,"call"
3,32,35,"call"
32,3,36,"call"
32,16,37,"call"
16,32,38,"call"
32,16,39,"call"
3,32,40,"call"
3,32,41,"call"
32,3,42,"call"
3,32,43,"call"
16,3,44,"call"
16,11,45,"call"
11,16,46,"call"
16,11,47,"call"
11,16,48,"call"
16,11,49,"call"
11,16,50,"call"
24,36,51,"call"
24,36,52,"call"
15,32,53,"call"
32,15,54,"call"
15,32,55,"call"
32,15,56,"call"
15,32,57,"call"
32,15,58,"call"
22,32,59,"call"
32,22,60,"call"
15,32,61,"call"
32,15,62,"call"
15,32,63,"call"
32,15,64,"call"
18,32,65,"call"
32,18,66,"call"
18,32,67,"call"
19,32,68,"call"
32,19,69,"call"
19,32,70,"call"
32,19,71,"call"
19,32,72,"call"
16,32,73,"call"
32,16,74,"call"
16,32,75,"call"
32,16,76,"call"
36,16,77,"call"
16,36,78,"call"
36,16,79,"call"
16,36,80,"call"
36,16,81,"call"
16,36,82,"call"
27,32,83,"call"
32,16,84,"call"
16,32,85,"call"
32,16,86,"call"
16,32,87,"call"
32,16,88,"call"
22,15,89,"call"
15,22,90,"call"
22,15,91,"call"
15,22,92,"call"
22,15,93,"call"
16,22,94,"call"
22,16,95,"call"
16,22,96,"call"
22,11,97,"call"
11,22,98,"call"
36,32,99,"call"
32,36,100,"call"
36,32,101,"call"
32,36,102,"call"
36,32,103,"call"
32,36,104,"call"
27,32,105,"call"
37,32,106,"call"
32,37,107,"call"
37,32,108,"call"
32,37,109,"call"
5,32,110,"call"
32,5,111,"call"
5,32,112,"call"
32,5,113,"call"
31,36,114,"call"
36,31,115,"call"
31,36,116,"call"
36,31,117,"call"
37,32,118,"call"
16,32,119,"call"
32,16,120,"call"
16,32,121,"call"
32,16,122,"call"
29,32,123,"call"
32,29,124,"call"
37,14,125,"call"
29,32,126,"call"
31,32,127,"call"
32,37,128,"call"
16,32,129,"call"
32,16,130,"call"
16,32,131,"call"
32,16,132,"call"
16,32,133,"call"
36,16,134,"call"
16,36,135,"call"
36,16,136,"call"
16,36,137,"call"
29,32,138,"call"
8,35,139,"call"
32,16,140,"call"
8,35,141,"call"
32,16,142,"call"
16,32,143,"call"
32,16,144,"call"
16,32,145,"call"
22,32,146,"call"
32,22,147,"call"
22,32,148,"call"
32,22,149,"call"
27,32,150,"call"
32,27,151,"call"
27,32,152,"call"
32,26,153,"call"
22,32,154,"call"
32,22,155,"call"
22,32,156,"call"
32,22,157,"call"
22,32,158,"call"
32,22,159,"call"
22,32,160,"call"
32,22,161,"call"
16,32,162,"call"
32,16,163,"call"
16,32,164,"call"
32,16,165,"call"
16,32,166,"call"
16,11,167,"call"
27,32,168,"call"
32,16,169,"call"
16,32,170,"call"
32,16,171,"call"
36,32,172,"call"
32,36,173,"call"
36,32,174,"call"
32,36,175,"call"
16,32,176,"call"
32,16,177,"call"
16,32,178,"call"
32,16,179,"call"
16,32,180,"call"
32,16,181,"call"
16,32,182,"call"
10,2,183,"call"
2,10,184,"call"
10,26,185,"call"
16,32,186,"call"
32,16,187,"call"
16,32,188,"call"
16,32,189,"call"
32,16,190,"call"
32,16,191,"call"
16,32,192,"call"
32,16,193,"call"
16,32,194,"call"
32,16,195,"call"
16,32,196,"call"
32,16,197,"call"
16,32,198,"call"
32,16,199,"call"
16,32,200,"call"
32,16,201,"call"
22,32,202,"call"
32,22,203,"call"
24,32,204,"call"
32,24,205,"call"
24,32,206,"call"
32,24,207,"call"
16,32,208,"call"
32,16,209,"call"
16,32,210,"call"
32,24,211,"call"
24,32,212,"call"
16,32,213,"call"
30,16,214,"call"
16,30,215,"call"
30,16,216,"call"
16,30,217,"call"
30,16,218,"call"
16,30,219,"call"
32,15,220,"call"
15,32,221,"call"
32,15,222,"call"
15,32,223,"call"
32,15,224,"call"
32,15,225,"call"
15,32,226,"call"
32,15,227,"call"
15,32,228,"call"
32,23,229,"call"
23,32,230,"call"
32,23,231,"call"
23,32,232,"call"
32,23,233,"call"
23,32,234,"call"
32,23,235,"call"
23,32,236,"call"
32,23,237,"call"
23,32,238,"call"
32,19,239,"call"
19,32,240,"call"
32,19,241,"call"
19,32,242,"call"
32,18,243,"call"
15,16,244,"call"
32,18,245,"call"
16,32,246,"call"
32,16,247,"call"
16,32,248,"call"
32,16,249,"call"
15,16,250,"call"
16,15,251,"call"
15,16,252,"call"
16,15,253,"call"
15,16,254,"call"
16,15,255,"call"
25,32,256,"call"
32,25,257,"call"
25,32,258,"call"
32,25,259,"call"
1,4,260,"call"
4,1,261,"call"
1,4,262,"call"
4,1,263,"call"
1,4,264,"call"
4,1,265,"call"
1,4,266,"call"
4,1,267,"call"
1,4,268,"call"
16,32,269,"call"
32,16,270,"call"
16,32,271,"call"
32,16,272,"call"
16,32,273,"call"
32,16,274,"call"
16,32,275,"call"
18,32,276,"call"
32,18,277,"call"
18,32,278,"call"
32,18,279,"call"
18,32,280,"call"
32,18,281,"call"
18,32,282,"call"
32,18,283,"call"
18,32,284,"call"
32,18,285,"call"
18,32,286,"call"
32,18,287,"call"
18,32,288,"call"
25,32,289,"call"
32,16,290,"call"
16,32,291,"call"
32,16,292,"call"
16,32,293,"call"
32,16,294,"call"
16,32,295,"call"
32,16,296,"call"
16,32,297,"call"
32,16,298,"call"
16,32,299,"call"
32,16,300,"call"
16,32,301,"call"
32,16,302,"call"
22,32,303,"call"
32,22,304,"call"
22,32,305,"call"
25,32,306,"call"
32,25,307,"call"
25,32,308,"call"
22,32,309,"call"
32,22,310,"call"
22,32,311,"call"
32,16,312,"call"
25,32,313,"call"
32,25,314,"call"
25,32,315,"call"
32,25,316,"call"
21,32,317,"call"
32,21,318,"call"
21,32,319,"call"
32,21,320,"call"
21,32,321,"call"
32,21,322,"call"
21,32,323,"call"
25,32,324,"call"
32,25,325,"call"
16,36,326,"call"
36,16,327,"call"
36,16,328,"call"
16,36,329,"call"
36,16,330,"call"
16,36,331,"call"
32,16,332,"call"
16,32,333,"call"
31,32,334,"call"
32,31,335,"call"
31,32,336,"call"
32,31,337,"call"
31,32,338,"call"
32,31,339,"call"
32,16,340,"call"
16,32,341,"call"
32,16,342,"call"
16,32,343,"call"
30,32,344,"call"
32,30,345,"call"
30,32,346,"call"
9,32,347,"call"
6,32,348,"call"
22,32,349,"call"
32,22,350,"call"
22,32,351,"call"
32,22,352,"call"
34,32,353,"call"
32,34,354,"call"
34,32,355,"call"
32,34,356,"call"
32,22,357,"call"
22,32,358,"call"
21,36,359,"call"
16,21,360,"call"
16,32,361,"call"
32,16,362,"call"
16,32,363,"call"
32,16,364,"call"
16,32,365,"call"
32,22,366,"call"
22,32,367,"call"
32,22,368,"call"
22,32,369,"call"
33,32,370,"call"
33,32,371,"call"
32,16,372,"call"
32,33,373,"call"
16,32,374,"call"
32,16,375,"call"
16,32,376,"call"
32,33,377,"call"
33,32,378,"call"
16,15,379,"call"
15,16,380,"call"
16,15,381,"call"
15,16,382,"call"
32,16,383,"call"
16,32,384,"call"
17,32,385,"call"
32,17,386,"call"
16,17,387,"call"
21,36,388,"call"
36,21,389,"call"
21,36,390,"call"
36,21,391,"call"
21,36,392,"call"
36,21,393,"call"
21,36,394,"call"
32,16,395,"call"
16,32,396,"call"
32,16,397,"call"
16,32,398,"call"
16,32,399,"call"
32,16,400,"call"
32,16,401,"call"
16,32,402,"call"
32,16,403,"call"
16,32,404,"call"
32,16,405,"call"
24,16,406,"call"
16,24,407,"call"
24,16,408,"call"
16,24,409,"call"
25,32,410,"call"
32,16,411,"call"
16,32,412,"call"
32,16,413,"call"
16,32,414,"call"
32,16,415,"call"
21,32,416,"call"
32,21,417,"call"
21,32,418,"call"
21,30,419,"call"
32,16,420,"call"
16,32,421,"call"
32,16,422,"call"
16,32,423,"call"
32,21,424,"call"
21,32,425,"call"
32,21,426,"call"
21,36,427,"call"
36,21,428,"call"
21,36,429,"call"
36,21,430,"call"
21,36,431,"call"
36,21,432,"call"
21,36,433,"call"
30,32,434,"call"
32,30,435,"call"
30,32,436,"call"
32,30,437,"call"
30,32,438,"call"
16,32,439,"call"
32,16,440,"call"
16,32,441,"call"
32,16,442,"call"
24,16,443,"call"
16,24,444,"call"
24,16,445,"call"
16,24,446,"call"
24,16,447,"call"
16,24,448,"call"
34,32,449,"call"
32,34,450,"call"
34,32,451,"call"
12,34,452,"call"
16,15,453,"call"
16,32,454,"call"
12,32,455,"call"
32,12,456,"call"
12,32,457,"call"
32,12,458,"call"
32,34,459,"call"
34,32,460,"call"
29,32,461,"call"
32,29,462,"call"
29,32,463,"call"
32,29,464,"call"
29,32,465,"call"
32,29,466,"call"
32,16,467,"call"
16,32,468,"call"
32,16,469,"call"
16,32,470,"call"
32,16,471,"call"
16,32,472,"call"
28,16,473,"call"
16,28,474,"call"
28,16,475,"call"
28,16,476,"call"
16,28,477,"call"
28,16,478,"call"
15,16,479,"call"
32,16,480,"call"
16,32,481,"call"
